"Currently, deglaciated areas and modified water bodies are less genetically diverse and more differentiated, largely due to their distance to the sea. https://eds.p.ebscohost.com/eds/pdfviewer/pdfviewer?vid=0&sid=e7d785cb-ba41-40de-a9a0-c689647a5e42%40redis"
"Environmental elements like natural light and greenery can enhance drug responses by influencing sensory, emotional, and cognitive processes, which may be relevant for painkillers, anxiety medications, and antidepressants. https://eds.p.ebscohost.com/eds/pdfviewer/pdfviewer?vid=0&sid=bf940666-1827-4199-b1ae-c9e28b7c78db%40redis"
"Surprisingly, high exposure to green spaces does not definitively have a positive impact on the risk of obesity; however, protecting such spaces still has the potential for long-term public health benefits. https://eds.p.ebscohost.com/eds/pdfviewer/pdfviewer?vid=0&sid=404d1d08-d738-4ef5-b58e-b47ad72704fa%40redis"
"The biggest contributing factors to forest productivity have been found to be tree density, tree-size differentiation, topography, and species diversity. https://eds.p.ebscohost.com/eds/pdfviewer/pdfviewer?vid=0&sid=d52bd8e5-ef09-4548-8c00-559b5c2a68a7%40redis"
"Environmental factors profoundly affect the brain's sensory processing network, optimizing adaptive strategies for growth and survival. https://eds.p.ebscohost.com/eds/pdfviewer/pdfviewer?vid=0&sid=3530e760-bbac-496c-af55-f672587f1a7f%40redis"
"Studies show that a negative perception of owl species tends to come from witchcraft associations and unawareness of their ecological importance. https://eds.p.ebscohost.com/eds/pdfviewer/pdfviewer?vid=0&sid=a94c812b-b536-44dd-802a-c8a416e56670%40redis"
"163 wild plant species used in Traditional Mongolian Medicine are identified, with 133 Mongolian medicine names for them. https://eds.p.ebscohost.com/eds/pdfviewer/pdfviewer?vid=0&sid=92860007-eba2-434d-b013-367234f1564b%40redis"
"Efforts to save the Gran Canaria island geckos from California kingsnakes have led to the discovery of 5 local lineages, which would be useful for choosing snake-free zones and breeding individuals. https://eds.p.ebscohost.com/eds/pdfviewer/pdfviewer?vid=0&sid=49458079-e3d7-4fbf-8d9a-c12d868f66ba%40redis"
"The people in the Guji society of Ethiopia have deep cultural, spiritual, and ecological relationships between native trees and ritual practices. https://eds.p.ebscohost.com/eds/pdfviewer/pdfviewer?vid=0&sid=c50e8871-cf91-4e52-8720-a6ba7af1e319%40redis"
"Mowing and grazing together can effectively reduce the impact of the invasive shrub Amorpha Fruticosa. https://eds.p.ebscohost.com/eds/pdfviewer/pdfviewer?vid=0&sid=a9091c2e-8232-4b89-a3ca-f1e611a558c7%40redis"
