"AI is being used to detect and model non-linear and high-dimensional relationships between genetic variants and environmental factors, helping researchers understand how specific genes and exposures contribute to disease. https://eds.p.ebscohost.com/eds/pdfviewer/pdfviewer?vid=0&sid=8b4fd33d-2bf1-4609-b1e9-19b65cbe1248%40redis"
"It has been found that the health insurance market structure shapes not only prices but also the form of contracts in health care. https://eds.p.ebscohost.com/eds/pdfviewer/pdfviewer?vid=0&sid=cd8ed313-dfba-4e30-8435-d2f8dd019b9b%40redis"
"Migrant exposure to more liberalized reproductive health policy has been found to reduce origin-community fertility, due to an increased adoption of modern contraceptives. https://eds.p.ebscohost.com/eds/pdfviewer/pdfviewer?vid=0&sid=e372d957-f4c5-4abd-bf2c-327a6b7b6f8a%40redis"
"Overall, health preferences in Denmark appear quite stable despite major societal disruptions, meaning established value sets in health policy and economics may not need frequent revaluation. https://www-sciencedirect-com.srv-proxy2.library.tamu.edu/science/article/pii/S1098301525023757?via%3Dihub"
"Literature, ethics, and cognitive science can inform better medical practice with telling and hearing stories being a core part of healing. https://eds.p.ebscohost.com/eds/pdfviewer/pdfviewer?vid=0&sid=70661b3e-f9fc-4339-a63b-ca69d4fdb156%40redis"
"Hearing Care Practitioners' cognitive and socioemotional health ability were consistently greater than client expectations, but their physical health, mobility, and balance were less surprising. https://eds.p.ebscohost.com/eds/pdfviewer/pdfviewer?vid=0&sid=3b5cd791-c271-475a-8645-37a5d5f01aa1%40redis"
"To combat loneliness, pharmacists are encouraged to shift focus toward acting as health coaches, community educators, and system-level innovators. https://eds.p.ebscohost.com/eds/pdfviewer/pdfviewer?vid=0&sid=1b55d66d-3c35-4666-9422-b077232315f8%40redis"
"Integrated wellness policies and support systems within the university setting have been found to help combat mental health and lifestyle issues among students. https://eds.p.ebscohost.com/eds/pdfviewer/pdfviewer?vid=0&sid=ad9f01d1-1325-4daa-9d0e-a44ca5bab332%40redis"
"Research has shown how participation in musical arts matters for health and underscores the need for more diverse measures of arts participation for improved mental and physical health. https://eds.p.ebscohost.com/eds/pdfviewer/pdfviewer?vid=0&sid=4cc2d509-d88f-45d2-b2c8-30dd89535989%40redis"
"In mental health services, elders were found to be knowledge keepers, a source for cultural-based teachings, and important in relationships for increasing the youth's mental wellness. https://eds.p.ebscohost.com/eds/pdfviewer/pdfviewer?vid=0&sid=02972e78-dbc9-4b24-80aa-c0483507ae9a%40redis"
