"The effectiveness of outcomes-oriented and meaning-oriented ethics depends on the degree of uncertainty surrounding the technology, meaning ethical inquiry should remain timely, context-sensitive, and aligned. https://eds.p.ebscohost.com/eds/pdfviewer/pdfviewer?vid=0&sid=af92e374-0aff-42bf-ab6d-5d58c38ac632%40redis"
"Younger people tend to develop positive perceptions toward the impacts of advanced technology on the environment and are more likely to donate their equipment when not in use and explore alternatives. https://eds.p.ebscohost.com/eds/pdfviewer/pdfviewer?vid=0&sid=d655a0b9-4684-4b48-b033-6968a5aeb0ce%40redis"
"Human capital accelerates domestic innovation and the adoption of foreign technologies in the advanced ASEAN nations, Indonesia, Malaysia, Philippines, Singapore, and Thailand. https://eds.p.ebscohost.com/eds/pdfviewer/pdfviewer?vid=0&sid=3808c35a-aa9e-4ee5-b377-c8cc19d4b194%40redis"
"The Namorotukuinan site in the Turkana Basin reveals crucial insights into the early technological behavior of hominins over 2.4 million years ago, containing the earliest known Oldowan tools. https://eds.p.ebscohost.com/eds/pdfviewer/pdfviewer?vid=0&sid=a7fd14f9-1eda-4058-a847-454456cbf341%40redis"
"The link between R&D and high-tech exports tends to be strong, suggesting that research investment is closely tied to high-tech trade for many EU countries. https://eds.p.ebscohost.com/eds/pdfviewer/pdfviewer?vid=0&sid=b3acc8f0-ebaa-4ae7-a272-55744e1250ad%40redis"
"Early pottery innovation was likely driven by localized technological choices, environmental factors, and interregional interactions between the 11th and 10th millennium. https://eds.p.ebscohost.com/eds/pdfviewer/pdfviewer?vid=0&sid=979cad1c-a176-4744-bf63-604176165c3f%40redis"
"Generally science teachers try to integrate technology into design-based learning STEM activities, especially in solution development, prototyping, testing, and communication. https://eds.p.ebscohost.com/eds/pdfviewer/pdfviewer?vid=0&sid=a956f54b-273d-4c76-a6cf-3d05b53f9936%40redis"
"The number of talents with a master's degree or above in technology-based SMEs is positively correlated with number of employees, assets, tax paid, business income, indebtedness, and profit. https://eds.p.ebscohost.com/eds/pdfviewer/pdfviewer?vid=0&sid=d691deb1-aa61-48bb-b869-015a07012c5a%40redis"
"Large, visible tech companies are more exposed to hype cycles, public expectations, news flow, and macro mood than short-term trading patterns or historical returns. https://eds.p.ebscohost.com/eds/pdfviewer/pdfviewer?vid=0&sid=007d0be4-2002-4c34-8482-f1e2d86c8f63%40redis"
"Effective technology strategies have been found to include tailored digital tools, training and ongoing support, technology-integrated organizational policies, and design choices that reduce stress and improve usability. https://eds.p.ebscohost.com/eds/pdfviewer/pdfviewer?vid=0&sid=b2030749-5fe0-458c-b01d-74de8701fcd6%40redis"
